SubmitTime,AcceptTime,HITId,AssignmentId,WorkerId,WorkerLocation,AssignmentStatus,AutoApprovalTime,duration,inputId,000000022892,000000402433,000000426166,000000576955,000000577862,pay
2021-05-07 22:25:13+09:00,2021-05-07 22:23:33+09:00,36GJS3V78W5SETU7PRI3GRFAM0SGJJ,33C7UALJVND9DH6E665B8YXGRX2189,A1P6OXEJ86HQRM,US,Submitted,2021-05-10 22:25:13+09:00,0:01:40,3NS0A6KXC6NL1SX4XFQRS5YQRZKZGB,"['lizard', 'cat']",['pizza'],['bicycle'],"['dog', 'tree', 'well', 'coconut', 'horse']",['giraffe'],0.18
2021-05-07 22:31:34+09:00,2021-05-07 22:27:42+09:00,36GJS3V78W5SETU7PRI3GRFAM0SGJJ,3PW9OPU9PSZYR24PQPWAY7KD5XB218,A1PTH9KTRO06EG,US,Submitted,2021-05-10 22:31:34+09:00,0:03:52,3DY46V3X3RXPEHOV9V0KZ4060R155V,"['bear', 'deer', 'dog', 'cat']","['egg', 'toast', 'food', 'fire', 'cat', 'lion', 'fire', 'animal', 'pizza']","['car', 'dog', 'grass', 'tree', 'pond', 'bike', 'bicycle']","['trees', 'forest', 'bear', 'deer', 'horse']",['giraffe'],0.18
2021-05-07 22:32:32+09:00,2021-05-07 22:28:51+09:00,36GJS3V78W5SETU7PRI3GRFAM0SGJJ,369J354OFFPJDIDTVATGV75VNRWG63,ALTMSSCYKZS8Z,US,Submitted,2021-05-10 22:32:32+09:00,0:03:41,33SA9F9TRZ9JNJW8GXGWTYJWXH1WE1,"['door', 'elephant', 'water', 'mammal', 'horse', 'zebra', 'goose', 'black', 'fur', 'cat']","['orange', 'crab', 'stone', 'grass', 'food', 'sand', 'stick', 'box', 'water', 'drinks']","['horse', 'door', 'rope', 'bicycle']","['bird', 'eagle', 'horse']","['Statue', 'rope', 'wood', 'chair', 'sofa', 'zebra', 'giraffe']",0.18
2021-05-07 22:34:05+09:00,2021-05-07 22:32:51+09:00,32FESTC2NI5OBXPWZ4QYX2365OYCU1,3QUO65DNQW3S76KSFB4RGMSDHZ5OU0,AOMFEAWQHU3D8,US,Submitted,2021-05-10 22:34:05+09:00,0:01:14,3EF8EXOTT3AYXY2XXA22XO6U6CT1JX,"['duck', 'cat']","['pasta', 'pizza']","['bik', 'bike', 'car', 'building', 'bicycle']",['horse'],['giraffe'],0.18
2021-05-07 22:36:36+09:00,2021-05-07 22:35:56+09:00,36GJS3V78W5SETU7PRI3GRFAM0SGJJ,3ZV9H2YQQFMGDLGBRDZ0A7FZ7OKW3C,A3J2T92V25NJ83,US,Submitted,2021-05-10 22:36:36+09:00,0:00:40,3A1PQ49WVJW26S779AZHLBQFTI81H7,['cat'],"['chicken', 'pizza']","['monkey', 'bike', 'bicycle']","['lion', 'beaver', 'snake', 'horse']",['giraffe'],0.18
2021-05-07 22:36:39+09:00,2021-05-07 22:33:17+09:00,32FESTC2NI5OBXPWZ4QYX2365OYCU1,3VZLGYJEYNPWNESUMPQVGRYLVLPZX5,A3V4AW6DGWBHDO,US,Submitted,2021-05-10 22:36:39+09:00,0:03:22,3A1COHJ8NLAKHSRS8V8W0LDN7QU8HI,"['water', 'shark', 'possum', 'racoon', 'otter', 'animal', 'cat']","['pumpkin', 'tiger', 'cake', 'lava', 'volcano', 'pasta', 'pizza']","['rollercoaster', 'track', 'bicycle']","['tree', 'ground', 'stick', 'branch', 'stake', 'horse']","['dog', 'rug', 'snake', 'giraffe']",0.18
2021-05-07 22:37:11+09:00,2021-05-07 22:36:37+09:00,32FESTC2NI5OBXPWZ4QYX2365OYCU1,3OVR4I9USRYWBK3TFI5DSNPJXN04Q2,A3J2T92V25NJ83,US,Submitted,2021-05-10 22:37:11+09:00,0:00:34,3LRKMWOKB7WVMYPXY052Q14PHGJZ2W,"['egg', 'cat']",['pizza'],"['painting', 'house', 'plague', 'plaque', 'desk', 'bicycle']",['horse'],['giraffe'],0.18
2021-05-07 22:37:19+09:00,2021-05-07 22:36:26+09:00,36GJS3V78W5SETU7PRI3GRFAM0SGJJ,3VA45EW49P2CY9TUDNU75KNG6281OE,AOMFEAWQHU3D8,US,Submitted,2021-05-10 22:37:19+09:00,0:00:53,3SKEMFQBZ5KBJIS0EGBTDDTFZ7UK8U,"['bench', 'horse', 'car', 'cat']",['pizza'],['bicycle'],"['car', 'elephant', 'truck', 'motorcycle', 'horse']",['giraffe'],0.18
2021-05-07 22:38:17+09:00,2021-05-07 22:35:59+09:00,32FESTC2NI5OBXPWZ4QYX2365OYCU1,374TNBHA8DAC9RHD4PTK8CTQSOYYQG,A3CBN6Y98YGAHZ,US,Submitted,2021-05-10 22:38:17+09:00,0:02:18,3C44YUNSI34OB4L78GRHVMTF46KPDP,"['person', 'gorilla', 'bear', 'coconut', 'bird', 'plane', 'cat']","['desert', 'pizza']","['tire', 'bicycle']","['tree', 'chair', 'dirt', 'bus', 'table', 'railroad', 'horse']","['elephant', 'cat', 'giraffe']",0.18
2021-05-07 22:38:39+09:00,2021-05-07 22:34:26+09:00,32FESTC2NI5OBXPWZ4QYX2365OYCU1,39GXDJN2OVTPZTMCDKP0FM4WG1AV8T,A1BZWNYN6GHJ76,US,Submitted,2021-05-10 22:38:39+09:00,0:04:13,34PGFRQONQQRYZI0UYRNQEWO2PXWJM,"['mother', 'face', 'watch', 'full', 'plate', 'neg', 'leg', 'wall', 'full', 'ball']","['cookie', 'orange', 'color', 'orange', 'sweet', 'cookies', 'pizza']","['white', 'color', 'green', 'red', 'image', 'cycle', 'cycle', 'wheel', 'wall', 'room']","['boat', 'cookie', 'color', 'wall', 'grass', 'suit', 'ball', 'cycle', 'tom', 'bottle']","['green', 'grass', 'red', 'shop', 'pull', 'wall', 'shop', 'road', 'blue', 'wall']",0.18
2021-05-07 22:38:48+09:00,2021-05-07 22:36:07+09:00,32FESTC2NI5OBXPWZ4QYX2365OYCU1,3DY4FPOOA33VHY18CTV063Z16TYVR5,A40O6S62MI2VC,US,Submitted,2021-05-10 22:38:48+09:00,0:02:41,3DY46V3X3RXPEHOV9V0KZ4060RZ55T,"['zebra', 'horse', 'donkey', 'bird', 'eagle', 'hawk', 'dog', 'monkey', 'gorilla', 'chimpanze']",['pizza'],"['bike', 'bicycle']","['car', 'dirt bike', 'motorcycle', 'bicycle', 'bicyclist', 'bike', 'horse']",['giraffe'],0.18
2021-05-07 22:40:38+09:00,2021-05-07 22:37:52+09:00,36GJS3V78W5SETU7PRI3GRFAM0SGJJ,3RGU30DZTCNVTNOMQWL0HGUX5JTJML,A340FMNO9WJG4J,US,Submitted,2021-05-10 22:40:38+09:00,0:02:46,3XLBSAQ9Z6R28ZM34CMXMSLXSW1Z78,"['dog', 'bear', 'cat']","['fish', 'shell', 'flower', 'pizza']","['bike', 'wheel', 'tire', 'street', 'bicyle', 'beach', 'boardwalk', 'brick', 'person', 'bikes']","['beach', 'trees', 'starry night', 'space', 'water', 'hair', 'liquid', 'food', 'river', 'coffee']",['giraffe'],0.18
2021-05-07 22:41:03+09:00,2021-05-07 22:38:39+09:00,32FESTC2NI5OBXPWZ4QYX2365OYCU1,3SPJ033423IVN4D09Z9BBBH4ET7JYB,A38ZLHQKD09JMM,US,Submitted,2021-05-10 22:41:03+09:00,0:02:24,3HRMW88U185ORHN04OBUZBF15EDM0E,"['volcano', 'mountain', 'person', 'lion', 'wolf', 'animal', 'cat']",['pizza'],"['wall', 'chair', 'bike', 'bicycle']","['coffee', 'cake', 'chocolate', 'tree', 'stump', 'guitar', 'violin', 'instrument', 'horse']","['blanket', 'giraffe']",0.18
2021-05-07 22:41:10+09:00,2021-05-07 22:37:21+09:00,32FESTC2NI5OBXPWZ4QYX2365OYCU1,3UXUOQ9OKGC17REVSK6Y5ZUOK74A7L,A30AJ8U79CEFE0,US,Submitted,2021-05-10 22:41:10+09:00,0:03:49,3L70J4KAZI1HO0F5JX9K5R4K5MYADC,"['elephant', 'monkey', 'chimpanzee', 'gorilla', 'walrus', 'lemur', 'dog', 'bat', 'cat']","['chicken', 'egg', 'pizza']","['car', 'bicycle']","['squirrel', 'dog', 'tree', 'plant', 'motorcycle', 'planter', 'horse']",['giraffe'],0.18
2021-05-07 22:41:21+09:00,2021-05-07 22:37:59+09:00,32FESTC2NI5OBXPWZ4QYX2365OYCU1,3LS2AMNW5H50FDDBY2KM6LVOEE0OQW,A1AZU9E0U16J6B,US,Submitted,2021-05-10 22:41:21+09:00,0:03:22,3A1PQ49WVJW26S779AZHLBQFTI7H1M,"['tree', 'cat']","['pumpkin pie', 'chicken', 'pillow', 'chick', 'flower', 'plant', 'rooster', 'cow', 'turkey', 'cat']","['boat', 'bicycle']","['cup', 'garden', 'tree', 'cheery tree', 'horse']","['net', 'hammock', 'giraffe']",0.18
2021-05-07 22:42:35+09:00,2021-05-07 22:40:41+09:00,32FESTC2NI5OBXPWZ4QYX2365OYCU1,3NQL1CS15TN4EZDUQONUEZSY9GEVY8,A182N7RLXGSCZG,US,Submitted,2021-05-10 22:42:35+09:00,0:01:54,3018Q3ZVOK5BPAYA1Y44AGLOKLBRAH,['cat'],"['rug', 'tree', 'pie', 'cake', 'bisquit', 'carpet', 'wall', 'papper', 'tree', 'phone']","['pie', 'bicycle']","['tree', 'pie', 'bike', 'car', 'window', 'man', 'shoe', 'net', 'computer', 'wall']","['tree', 'pie', 'ball', 'balloon', 'mitten', 'cat', 'dog', 'cake', 'dessert', 'hardphones']",0.18
2021-05-07 22:43:06+09:00,2021-05-07 22:38:35+09:00,32FESTC2NI5OBXPWZ4QYX2365OYCU1,3NJM2BJS4YLE6CFT8KW6BGBXK4VCPW,A24XBVPC9MYJVX,US,Submitted,2021-05-10 22:43:06+09:00,0:04:31,3EFVCAY5L5OG8YMIWVBHCYT2KIXJ8X,"['tree', 'bush', 'flower', 'house', 'cat']","['sun', 'bowl', 'flower', 'bush', 'egg', 'biscuit', 'food', 'sausage', 'pizza']","['shoe', 'building', 'car', 'bike', 'bicycle']","['duck', 'good', 'goose', 'person', 'peacock', 'horse']","['tree', 'bush', 'forest', 'person', 'house', 'bike', 'giraffe']",0.18
2021-05-07 22:43:25+09:00,2021-05-07 22:42:07+09:00,32FESTC2NI5OBXPWZ4QYX2365OYCU1,3RRCEFRB7OR97E14W08NXYUKBN0B4Y,AOG0PUCLMU0HH,US,Submitted,2021-05-10 22:43:25+09:00,0:01:18,3KXIR214I6VFJ118D7FCW5RGGLD24K,['cat'],['pizza'],['bicycle'],['horse'],['giraffe'],0.18
2021-05-07 22:43:59+09:00,2021-05-07 22:41:28+09:00,32FESTC2NI5OBXPWZ4QYX2365OYCU1,30BUDKLTXFAPA0HOKWTN3Y6JEG85EX,A9KE8HAKL9WFB,US,Submitted,2021-05-10 22:43:59+09:00,0:02:31,31LVTDXBL9PSLTPEYPTUJU1ZEZOLRB,"['polar bear', 'dog', 'snow', 'mountain', 'sky', 'cloud', 'ocean', 'elephant', 'wolf', 'cat']","['Fish', 'pizza']",['bicycle'],['horse'],['giraffe'],0.18
2021-05-07 22:44:08+09:00,2021-05-07 22:39:39+09:00,32FESTC2NI5OBXPWZ4QYX2365OYCU1,3JBT3HLQFAHRE5Q30YGEMECITMHPZ8,A9WGDBDXUNLOD,US,Submitted,2021-05-10 22:44:08+09:00,0:04:29,3QAPZX2QN6SYKDJ7U6SAK213Z9Y023,"['surfer', 'ocean', 'wave', 'cloth', 'cotton', 'rabbit', 'animal', 'rodent', 'hamster', 'gerbil']","['fireball', 'bomb', 'egg', 'fire', 'chicken', 'pizza']","['brick', 'hoop', 'bicycle']","['cat', 'weapon', 'car', 'horse']","['grass', 'field', 'giraffe']",0.18
2021-05-07 22:44:11+09:00,2021-05-07 22:41:26+09:00,32FESTC2NI5OBXPWZ4QYX2365OYCU1,3DR23U6WE7TRV2SELSBL6ECXUJTTEB,A3R7RQCSWU4848,US,Submitted,2021-05-10 22:44:11+09:00,0:02:45,36AHBNMV1TRIKID8Z3N08DMR8BODY8,"['stairs', 'kale', 'flower', 'garden', 'plant', 'dog', 'salad', 'pot', 'eating', 'monkey']",['pizza'],['bicycle'],['horse'],"['dog', 'giraffe']",0.18
2021-05-07 22:44:59+09:00,2021-05-07 22:40:52+09:00,32FESTC2NI5OBXPWZ4QYX2365OYCU1,388U7OUMF9GFOX0S9W7BLA9BCXN0RK,A2SWHTHZD88X5H,US,Submitted,2021-05-10 22:44:59+09:00,0:04:07,3PPTZCWALSZCEHRI0BV3MJ2SXMUQZY,"['tree', 'broccoli', 'rock', 'potato', 'owl', 'burro', 'kangaroo', 'rat', 'mammoth', 'cheese']","['egg', 'flower', 'fabric', 'flower', 'sunflower', 'pizza']",['bicycle'],"['policeman', 'fireman', 'motorcyclist', 'horse']","['dog', 'giraffe']",0.18
2021-05-07 22:46:04+09:00,2021-05-07 22:44:10+09:00,32FESTC2NI5OBXPWZ4QYX2365OYCU1,3K4J6M3CXG8K0KPWLNASBC7HJAOAGP,A1S8KMGKJACGVO,US,Submitted,2021-05-10 22:46:04+09:00,0:01:54,3QAVNHZ3EOJ0MC3XWE78O4CPETNALB,"['park', 'elephant', 'dog', 'couch', 'cat']",['pizza'],"['bench', 'bicycle']","['cat', 'butterfly', 'cheetah', 'leopard', 'horse']",['giraffe'],0.18
2021-05-07 22:46:55+09:00,2021-05-07 22:44:58+09:00,36GJS3V78W5SETU7PRI3GRFAM0SGJJ,31JLPPHS2W988C790R8QTD2D4MNO3U,A34CPKFZXBX1PO,US,Submitted,2021-05-10 22:46:55+09:00,0:01:57,31T4R4OBOUVP06BTCY2PBUKCJC37C1,"['elephant', 'zebra', 'koala', 'dolphin', 'bear', 'mouse', 'horse', 'cat']","['chicken', 'pizza']","['bike', 'bicycle']","['bee', 'bird', 'tree', 'horse']",['giraffe'],0.18
2021-05-07 22:46:57+09:00,2021-05-07 22:44:24+09:00,32FESTC2NI5OBXPWZ4QYX2365OYCU1,3WI0P0II6379NH1ML8V60HTU6MWRD4,A13GUTDMGGZZDL,US,Submitted,2021-05-10 22:46:57+09:00,0:02:33,392CY0QWG36JUMFA2A04JLYX5HAI4B,"['rock', 'cat']",['pizza'],['bicycle'],"['bicycle', 'horse']","['bird', 'giraffe']",0.18
2021-05-07 22:47:21+09:00,2021-05-07 22:45:18+09:00,32FESTC2NI5OBXPWZ4QYX2365OYCU1,3IUZPWIU1QMM9JOICJRZRTW1IA8KWD,A2GQH4SWIOFH2L,US,Submitted,2021-05-10 22:47:21+09:00,0:02:03,3DY46V3X3RXPEHOV9V0KZ4060R155V,"['road', 'horse', 'bird', 'penguin', 'bear', 'fur', 'cat']","['fire', 'pizza']","['car', 'bicycle']","['dog', 'horse']","['tree', 'giraffe']",0.18
2021-05-07 22:47:31+09:00,2021-05-07 22:46:59+09:00,32FESTC2NI5OBXPWZ4QYX2365OYCU1,3DEL4X4EL80WIOIPQ3OC2KPJPRNXYE,A34CPKFZXBX1PO,US,Submitted,2021-05-10 22:47:31+09:00,0:00:32,3S96KQ6I9OJM3WEEPX010WUCTBJDT0,['cat'],['pizza'],['bicycle'],['horse'],['giraffe'],0.18
2021-05-07 22:48:22+09:00,2021-05-07 22:45:02+09:00,32FESTC2NI5OBXPWZ4QYX2365OYCU1,3WYGZ5XF3YUT2279SEHYU4TGCXBSK5,AH7I3K3OJKA5L,US,Submitted,2021-05-10 22:48:22+09:00,0:03:20,369J354OFFPJDIDTVATGV75VMVP6GT,"['elephant', 'animal', 'dog', 'horse', 'pig', 'boar', 'cat']","['Egg', 'Pizza', 'sandwich', 'dinner', 'cheese', 'spagetti', 'sausage', 'salad', 'bread', 'cheese bread']","['wall', 'screen', 'bricks', 'building', 'bicycle']","['chair', 'mud', 'horse']","['grass', 'tree', 'woods', 'giraffe']",0.18
2021-05-07 22:48:41+09:00,2021-05-07 22:43:48+09:00,32FESTC2NI5OBXPWZ4QYX2365OYCU1,3Z9WI9EOZ134CTTTHK5ZQQME3MVHKA,A2I9PUZT19ZBO8,US,Submitted,2021-05-10 22:48:41+09:00,0:04:53,3W92K5RLWWW6CB3AFMIX32U5DF1V5Q,"['tree', 'cow', 'dog', 'animal', 'dogs', 'hunter', 'beagle', 'pooch', 'fox', 'blood']","['mole', 'deer', 'dog', 'pooch', 'land', 'koo', 'w', 'w', 'w', 'e']","['truck', 'beach', 'building', 'store', 'barn', 'train', 'carriage', 'bicycle']","['bench', 'painting', 'cow', 'horse']","['pig', 'zebra', 'giraffe']",0.18
2021-05-07 22:53:52+09:00,2021-05-07 22:53:19+09:00,36GJS3V78W5SETU7PRI3GRFAM0SGJJ,340UGXU9D0GNXQTPGNQ5BEMLDS5VUC,A1S8KMGKJACGVO,US,Submitted,2021-05-10 22:53:52+09:00,0:00:33,3DY46V3X3RXPEHOV9V0KZ4060R155V,['cat'],['pizza'],['bicycle'],"['bench', 'leopard', 'horse']",['giraffe'],0.18
2021-05-07 22:56:33+09:00,2021-05-07 22:54:40+09:00,32FESTC2NI5OBXPWZ4QYX2365OYCU1,3A1COHJ8NLAKHSRS8V8W0LDN8M38HK,A3FJ3XMXO8UAJ0,US,Submitted,2021-05-10 22:56:33+09:00,0:01:53,3IAEQB9FMGZEVDI8K25CNG1BX50WD8,['cat'],"['pie', 'pizza']",['bicycle'],"['dog', 'swing', 'car', 'horse']","['Flamingo', 'Giraffe', 'Giraffe', 'Snake', 'giraffe']",0.18
2021-05-07 22:59:34+09:00,2021-05-07 22:58:13+09:00,32FESTC2NI5OBXPWZ4QYX2365OYCU1,3KMS4QQVK45KYX2NMUHZN5A1N7KFKC,A1HBD85BK13XD8,US,Submitted,2021-05-10 22:59:34+09:00,0:01:21,3JPSL1DZ5UEQAC6I8RNN1WGEJQ0ANU,['cat'],['pizza'],"['bike', 'scooter', 'bicycle']","['tree', 'dog', 'lamp', 'gate', 'horse']",['giraffe'],0.18
2021-05-07 23:00:35+09:00,2021-05-07 22:57:25+09:00,36GJS3V78W5SETU7PRI3GRFAM0SGJJ,3D4CH1LGEC86V1FRTHWSFHWXDS89GB,A3GTPW3MYSLMR7,US,Submitted,2021-05-10 23:00:35+09:00,0:03:10,3PPTZCWALSZCEHRI0BV3MJ2SXMUQZY,['cat'],"['dog', 'bear', 'trukey', 'turkey', 'pizza']","['bike', 'street', 'bicycle']","['river', 'ocean', 'lake', 'stream', 'forest', 'dog', 'deer', 'sky', 'tree', 'happy']",['giraffe'],0.18
2021-05-07 23:00:52+09:00,2021-05-07 22:56:41+09:00,32FESTC2NI5OBXPWZ4QYX2365OYCU1,3E13VNJ1NPA22NIRFSH2LNRUUTBI12,A10L6JFWPRXEKM,US,Submitted,2021-05-10 23:00:52+09:00,0:04:11,3018Q3ZVOK5BPAYA1Y44AGLOKLBRAH,"['hat', 'tree', 'snake', 'cliff', 'horse', 'wolf', 'turtle', 'dog', 'ocean', 'whale']","['food', 'rice', 'seafood', 'pizza']","['beach', 'ship', 'bicycle']","['landscaepe', 'duck', 'walking stick', 'tree branch', 'chair', 'slingshot', 'horse']",['giraffe'],0.18
2021-05-07 23:01:48+09:00,2021-05-07 22:59:10+09:00,32FESTC2NI5OBXPWZ4QYX2365OYCU1,3SB4CE2TJXAVM6KMAXAWZY7CM0MXA6,AY4E4CDN0J6JL,US,Submitted,2021-05-10 23:01:48+09:00,0:02:38,3JPSL1DZ5UEQAC6I8RNN1WGEJQ0ANU,"['wolf', 'cat']","['chicken', 'food', 'pizza']","['road', 'bicycle']","['spider', 'fish', 'bear', 'water', 'dog', 'bull', 'horse']","['tree', 'giraffe']",0.18
2021-05-07 23:03:12+09:00,2021-05-07 23:01:50+09:00,32FESTC2NI5OBXPWZ4QYX2365OYCU1,3L0KT67Y8GVOM7WQWTIP3C8RACNYS9,A20EUZA6WR0UWY,US,Submitted,2021-05-10 23:03:12+09:00,0:01:22,33FBRBDW6QET0KGCM3UVPUG7UYNC8B,"['airpod', 'headphone', 'fish hook', 'plant', 'flower', 'tree', 'bush', 'window', 'snake', 'frog']",['pizza'],['bicycle'],['horse'],"['grass', 'field', 'forest', 'hill', 'mountain', 'fish', 'frog', 'animal', 'snake', 'tree']",0.18
2021-05-07 23:16:28+09:00,2021-05-07 23:14:39+09:00,32FESTC2NI5OBXPWZ4QYX2365OYCU1,35GCEFQ6I73K7GLG20J79B9HOQUZ3B,A29CNQYJWMJ7G9,US,Submitted,2021-05-10 23:16:28+09:00,0:01:49,3TAYZSBPLNNYLM3J38BUU87MU1G2SR,"['table', 'mouse', 'corpse', 'cat']","['egg', 'pizza']",['bicycle'],"['elephant', 'spider', 'fish', 'lion', 'dog', 'snake', 'human', 'horse']",['giraffe'],0.18
2021-05-07 23:17:40+09:00,2021-05-07 23:14:20+09:00,32FESTC2NI5OBXPWZ4QYX2365OYCU1,3LEP4MGT3IFM7AKXPB9G02OQO0YBDG,A1WPCMXFU9NH9G,US,Submitted,2021-05-10 23:17:40+09:00,0:03:20,3S96KQ6I9OJM3WEEPX010WUCTBJDT0,"['coffee cup', 'cat']",['pizza'],"['glasses', 'crab', 'bicycle']",['horse'],"['grass', 'bicycle', 'giraffe']",0.18
2021-05-07 23:18:13+09:00,2021-05-07 23:14:05+09:00,32FESTC2NI5OBXPWZ4QYX2365OYCU1,3Z4XG4ZF4A6H3IR7DZQI371HWCP8XG,A25EVN04BC2KJ6,US,Submitted,2021-05-10 23:18:13+09:00,0:04:08,3XCC1ODXDNQ3CQ5RQU1Q0G0TO5ARQ5,"['dog', 'bear', 'woman', 'cat']",['pizza'],['bicycle'],"['Horse', 'Cat', 'Carriage', 'Bicycle', 'Black horse', 'dog', 'car', 'person', 'race', 'marathon runner']","['Giraffe', 'Two Giraffes', 'Giraffes', 'Baby Giraffe', 'Momma and baby Giraffe', 'donkey', 'horse', 'Giraffe', 'Giraffe', 'Giraffe']",0.18
2021-05-07 23:18:30+09:00,2021-05-07 23:16:06+09:00,32FESTC2NI5OBXPWZ4QYX2365OYCU1,3TXMY6UCAG3Z6OG88XBVBL17P0NCQT,A1J7C4V2AZSHQX,US,Submitted,2021-05-10 23:18:30+09:00,0:02:24,3KJYX6QCMBQEJAIV4OMR4CDAVGVJVZ,"['cliff', 'wolf', 'bear', 'dog', 'cat']","['lasagna', 'pizza']","['door', 'office', 'apartment', 'house', 'bike', 'store', 'apartment', 'doorway', 'home', 'door']","['trees', 'forest', 'bike', 'garden', 'horse']",['giraffe'],0.18
2021-05-07 23:27:02+09:00,2021-05-07 23:24:09+09:00,32FESTC2NI5OBXPWZ4QYX2365OYCU1,3FTOP5WARH3YQ9HF1RY2JJNK2G00JZ,A1X19BA815KYJ4,US,Submitted,2021-05-10 23:27:02+09:00,0:02:53,3S06PH7KSTJLUC25NEGRUQBH1SSD1R,"['flower', 'nest', 'forest', 'coyote', 'kitten', 'farm', 'puppies', 'fur', 'wolf', 'pool']","['planet', 'mars', 'ground', 'maop', 'fire', 'weather', 'volcano', 'wart', 'moon', 'space']","['track', 'bicycle']","['antelope', 'moose', 'deer', 'horse']","['tree', 'road', 'giraffe']",0.18
2021-05-07 23:28:21+09:00,2021-05-07 23:26:41+09:00,32FESTC2NI5OBXPWZ4QYX2365OYCU1,3LEP4MGT3IFM7AKXPB9G02OQO00BDI,A2JXPT39AWRES7,US,Submitted,2021-05-10 23:28:21+09:00,0:01:40,336YQZE83XTNMO911UH6G6BSMMP5MJ,"['tree', 'yard', 'rat', 'cat']","['omelets ', 'pizza']","['brick wall', 'door', 'handle', 'telephone', 'bicycle']","['car', 'football player', 'horse']","['deer', 'dog', 'giraffe']",0.18
2021-05-07 23:28:40+09:00,2021-05-07 23:25:18+09:00,32FESTC2NI5OBXPWZ4QYX2365OYCU1,3S06PH7KSTJLUC25NEGRUQBH2O91DP,A13CAAOJ5GP4UQ,US,Submitted,2021-05-10 23:28:40+09:00,0:03:22,3J2UYBXQQNRM2E28H84DAFIFFE006K,"['jacket', 'bird', 'bike', 'house', 'dog', 'cat']","['pumpkin', 'pie', 'food', 'jackalantern', 'bird', 'plate', 'pizza']","['bike', 'car', 'bicycle']","['tree', 'cat', 'dog', 'motorcycle', 'house', 'race', 'horse']","['cat', 'giraffe']",0.18
2021-05-07 23:33:11+09:00,2021-05-07 23:30:10+09:00,32FESTC2NI5OBXPWZ4QYX2365OYCU1,3NJM2BJS4YLE6CFT8KW6BGBXK43CP4,AWEUE7867RJ7B,US,Submitted,2021-05-10 23:33:11+09:00,0:03:01,32XVDSJFP1CVNRQEJBF8IZ8G2CYM2Z,"['kitten', 'yarn', 'dog', 'cat']","['flower', 'orange', 'pizza']","['telephone booth', 'bicycle']","['drum', 'guitar', 'horse']",['giraffe'],0.18
2021-05-07 23:39:14+09:00,2021-05-07 23:37:39+09:00,32FESTC2NI5OBXPWZ4QYX2365OYCU1,3B4YI393VBBRQLKHXNQ0LQKQTRXSSV,A1OQIXAU1SEJ4P,US,Submitted,2021-05-10 23:39:14+09:00,0:01:35,3L70J4KAZI1HO0F5JX9K5R4K5MYADC,"['tree', 'dog', 'fox', 'cat']",['pizza'],"['pool', 'building', 'restaurant', 'bicycle']","['dog', 'deer', 'bear', 'hamster', 'horse']",['giraffe'],0.18
2021-05-07 23:45:58+09:00,2021-05-07 23:41:34+09:00,32FESTC2NI5OBXPWZ4QYX2365OYCU1,33F859I568S3JQPZB7S6RN3OGSVHBZ,A2VGEE0ZIZ8CBQ,US,Submitted,2021-05-10 23:45:58+09:00,0:04:24,3LYA37P8IS2ULGQ7HSV34FJG7DGBKL,"['house', 'plane', 'battery', 'street', 'ocean', 'shaving', 'drinking', 'man', 'bear', 'hair']","['cat', 'dog', 'man', 'pizza']","['boat', 'bicycle']","['yard', 'cat', 'dog', 'car', 'garage', 'golf bag', 'cart', 'horse']","['cat', 'dog', 'giraffe']",0.18
2021-05-07 23:50:17+09:00,2021-05-07 23:46:33+09:00,32FESTC2NI5OBXPWZ4QYX2365OYCU1,3IO1LGZLKBC4K37BCCHS3UOXZ8V86R,A231NY4QEQ58PJ,US,Submitted,2021-05-10 23:50:17+09:00,0:03:44,3SPJ033423IVN4D09Z9BBBH4DXZJYA,"['rock', 'dinosaur', 'dragon', 'elephant', 'rhinoceros', 'manatee', 'koala', 'sloth', 'kangaroo', 'cat']","['pumpkin', 'quilt', 'chicken', 'mouse', 'crab', 'seashell', 'lizard', 'crustacean', 'fish', 'eggs']","['street', 'bicycle']","['Tree', 'duck', 'person', 'runner', 'leg', 'costume', 'superhero', 'robot', 'golf clubs', 'jockey']","['horse', 'giraffe']",0.18
2021-05-07 23:51:30+09:00,2021-05-07 23:48:42+09:00,32FESTC2NI5OBXPWZ4QYX2365OYCU1,3B837J3LDQBFP6K4IYQVVGFU7PFSR8,ACY3ZOOZMVS7Y,US,Submitted,2021-05-10 23:51:30+09:00,0:02:48,3IX2EGZR7DYMQ31EV4HH3FO7AAIRJE,"['vase', 'hand', 'dog', 'pet', 'dogs', 'pets', 'family', 'living room', 'cat']","['grapefruit', 'oatmeal', 'pasta', 'soup', 'ravioli', 'lava', 'mushrooms', 'fungi', 'pizza']",['bicycle'],"['arm', 'bracelet', 'horse']",['giraffe'],0.18
2021-05-07 23:52:18+09:00,2021-05-07 23:50:47+09:00,32FESTC2NI5OBXPWZ4QYX2365OYCU1,3018Q3ZVOK5BPAYA1Y44AGLOLJ9RAC,A1V70LAP4UDYV6,US,Submitted,2021-05-10 23:52:18+09:00,0:01:31,3LOTDFNYA9EBTXW4B802BG4W9IHFW3,"['snake', 'couch', 'cat']","['snake', 'pizza']","['boat', 'bicycle']",['horse'],['giraffe'],0.18
2021-05-07 23:53:03+09:00,2021-05-07 23:48:54+09:00,32FESTC2NI5OBXPWZ4QYX2365OYCU1,3IGI0VL649ZFCG0JIAS52R0J93ONOJ,ACD400BAWY7QC,US,Submitted,2021-05-10 23:53:03+09:00,0:04:09,3PPTZCWALSZCEHRI0BV3MJ2SXMUQZY,"['no idea', 'no idea', 'no idea', 'beach', 'owl', 'animal', 'rat', 'squirrel', 'bird', 'bird']","['desert', 'beach', 'volcano', 'gold', 'gems', 'dirt', 'cookie', 'goop', 'concrete', 'magma']",['bicycle'],"['horse and jockey', 'horse and jockey', 'horse and jockey', 'horse and jockey', 'horse and jockey', 'horse and jockey', 'horse and jockey', 'horse and jockey', 'horse and jockey', 'horse and jockey']",['giraffe'],0.18
2021-05-08 00:05:47+09:00,2021-05-08 00:03:22+09:00,32FESTC2NI5OBXPWZ4QYX2365OYCU1,3OF2M9AATI3Q3ETNN6B6QXQJZCOKZF,A1UHJ56MF9CSQM,US,Submitted,2021-05-11 00:05:47+09:00,0:02:25,3KXIR214I6VFJ118D7FCW5RGGLD24K,"['tree', 'forest', 'frog', 'animal', 'bear', 'horse', 'bug', 'swan', 'goose', 'cat']","['fire', 'flame', 'lava', 'fire pit', 'volcano', 'pizza']",['bicycle'],"['tree', 'forest', 'tiger', 'jungle', 'space', 'astronaut', 'horse']",['giraffe'],0.18
2021-05-08 00:07:54+09:00,2021-05-08 00:06:34+09:00,32FESTC2NI5OBXPWZ4QYX2365OYCU1,3YW4XOSQKS07BEDR996G4QF5OO9U1X,A2WPHVMLLEV5ZB,US,Submitted,2021-05-11 00:07:54+09:00,0:01:20,33FBRBDW6QET0KGCM3UVPUG7UYNC8B,"['bear', 'cat']",['pizza'],"['bike', 'lake', 'bicycle']","['dog', 'cat', 'virus', 'horse']",['giraffe'],0.18
2021-05-08 00:10:08+09:00,2021-05-08 00:07:52+09:00,32FESTC2NI5OBXPWZ4QYX2365OYCU1,3I02618YA2LAS6WTUBH65MX3R4FUP1,A3454T4PU9GJM0,US,Submitted,2021-05-11 00:10:08+09:00,0:02:16,3IAEQB9FMGZEVDI8K25CNG1BX50WD8,"['fox', 'dog', 'wolf', 'cat']","['cat', 'dog', 'chicken', 'pizza']","['butterfly', 'cartoon', 'bike', 'bicycle']","['zebra', 'horse']","['deer', 'deer', 'deer', 'giraffe']",0.18
2021-05-08 00:15:55+09:00,2021-05-08 00:13:43+09:00,32FESTC2NI5OBXPWZ4QYX2365OYCU1,3R08VXYT7EAYE4HYTP2QNORFCQLW7W,AW3QNBWHGXVQK,US,Submitted,2021-05-11 00:15:55+09:00,0:02:12,3SEPORI8WPEKR1K1BFYHWJNNT47ZAZ,"['kitten', 'nose', 'person', 'head', 'dog', 'mice', 'nest', 'bid', 'bird', 'dog']",['pizza'],"['house', 'wall', 'bicycle']","['man', 'bug', 'skateboard', 'leg', 'runner', 'exercise bike', 'bicycl', 'bicycle', 'horse']","['roof', 'giraffe']",0.18
2021-05-08 00:26:40+09:00,2021-05-08 00:24:13+09:00,32FESTC2NI5OBXPWZ4QYX2365OYCU1,31IBVUNM9UEYE8WZLYV6PELI353VFQ,A2VUF0V7HT51Q3,US,Submitted,2021-05-11 00:26:40+09:00,0:02:27,3X0H8UUIT33KX21QHS01IFNBY8AWS2,"['lake', 'waterfall', 'cat']","['fire', 'leaf pile', 'pizza']",['bicycle'],"['tree', 'park', 'plant', 'dog', 'horse']",['giraffe'],0.18
2021-05-08 00:39:08+09:00,2021-05-08 00:36:08+09:00,32FESTC2NI5OBXPWZ4QYX2365OYCU1,3SBEHTYCWPIZSTTURHOBZA241EZIYF,A19BDVIRTDE5RQ,US,Submitted,2021-05-11 00:39:08+09:00,0:03:00,3A1PQ49WVJW26S779AZHLBQFTI7H1M,"['zombie', 'shirt', 'street', 'horse', 'dog', 'tree', 'airplane', 'flower', 'plant', 'desk']","['sun', 'pumkin', 'pumpkin', 'leaves', 'flower', 'crab', 'spider', 'fish', 'rock', 'coral']","['bike', 'bicycle']","['deer', 'horse']","['net', 'basketball', 'giraffe']",0.18
2021-05-08 00:52:25+09:00,2021-05-08 00:50:23+09:00,32FESTC2NI5OBXPWZ4QYX2365OYCU1,3HMVI3QICL7OSNXWJA357BLIKDR1YB,A3PSV85ZUXP9VF,US,Submitted,2021-05-11 00:52:25+09:00,0:02:02,3HQUKB7LNHTDA3SLBZ22DY6MA9KHH6,"['plate', 'vase', 'table', 'chair', 'horn', 'trumpet', 'glass', 'spoon', 'wall', 'flower']","['cat', 'cereal', 'pizza']","['moose', 'bicycle']",['horse'],"['Giraffe', 'giraffe']",0.18
2021-05-08 00:52:39+09:00,2021-05-08 00:50:47+09:00,32FESTC2NI5OBXPWZ4QYX2365OYCU1,3PPTZCWALSZCEHRI0BV3MJ2SYIMZQS,ASNMT3I94HZ44,US,Submitted,2021-05-11 00:52:39+09:00,0:01:52,3XLBSAQ9Z6R28ZM34CMXMSLXSW1Z78,"['mountan', 'mountain', 'rock', 'hill', 'cat']","['pancake', 'waffle', 'cake', 'pizza']","['door', 'house', 'building', 'apartment', 'store', 'windows', 'shade', 'condo', 'dog', 'car']","['cyclist', 'athlete', 'runner', 'horse']",['giraffe'],0.18
2021-05-08 01:07:27+09:00,2021-05-08 01:06:12+09:00,32FESTC2NI5OBXPWZ4QYX2365OYCU1,3TUI152ZZD2FJL6AS0MBUPIGL4BQ1Y,A002160837SWJFPIAI7L7,US,Submitted,2021-05-11 01:07:27+09:00,0:01:15,3QAVNHZ3EOJ0MC3XWE78O4CPETNALB,"['fish', 'rocks', 'cat']","['food', 'eggs', 'fire', 'pizza']","['door', 'plate', 'bicycle']","['monkey', 'horse']","['deer', 'elk', 'giraffee', 'girafee', 'giraffe']",0.18
2021-05-08 01:25:40+09:00,2021-05-08 01:21:42+09:00,32FESTC2NI5OBXPWZ4QYX2365OYCU1,3137ONMDKIKNQX681SCE7VX84Q8EGC,A140F9GDRQKAT2,US,Submitted,2021-05-11 01:25:40+09:00,0:03:58,3EF8EXOTT3AYXY2XXA22XO6U6CT1JX,['cat'],['pizza'],"['door', 'building', 'elephant', 'pole', 'bike', 'wheel', 'person', 'resturant', 'window', 'house']","['person', 'bike', 'horse']",['giraffe'],0.18
2021-05-08 01:41:01+09:00,2021-05-08 01:39:23+09:00,32FESTC2NI5OBXPWZ4QYX2365OYCU1,3W8CV64QJ4EKVXA2DNEA0H8YST79HY,A4J4GGMKJ68L0,US,Submitted,2021-05-11 01:41:01+09:00,0:01:38,3SPJ033423IVN4D09Z9BBBH4DXZJYA,['cat'],['pizza'],"['bicicle', 'bicycle']",['horse'],['giraffe'],0.18
2021-05-08 01:43:40+09:00,2021-05-08 01:41:42+09:00,32FESTC2NI5OBXPWZ4QYX2365OYCU1,3K9FOBBF2JY76VXM5ICDAAWPEZXNLI,A3F1SO6HO48A0E,US,Submitted,2021-05-11 01:43:40+09:00,0:01:58,3W92K5RLWWW6CB3AFMIX32U5DF1V5Q,"['animal', 'whalwe', 'whale', 'owl', 'bird', 'cat']","['fire', 'volcano', 'ground', 'chickcen', 'chicken', 'hay', 'straw', 'pizza']","['bike', 'bicycle']","['tree', 'lion', 'horse']",['giraffe'],0.18
2021-05-08 01:47:20+09:00,2021-05-08 01:44:17+09:00,32FESTC2NI5OBXPWZ4QYX2365OYCU1,3570Y55XZRYLW2NZ1TO8EYPOM2FYGD,A3T5UAYFKJBVTA,US,Submitted,2021-05-11 01:47:20+09:00,0:03:03,3OS46CRSLHE2VF3OK5S2V8859AD6VI,"['Frog', 'jungle', 'animal', 'cat']","['Pie', 'cake', 'pizza']","['Candy cane', 'sugar', 'wall', 'bicycle']","['Horse', 'dog', 'animal', 'forest', 'yard', 'race', 'horseback riding', 'riding', 'hurdle', 'show']","['Frog', 'tree', 'giraffe']",0.18
2021-05-08 01:49:28+09:00,2021-05-08 01:46:01+09:00,32FESTC2NI5OBXPWZ4QYX2365OYCU1,3LYA37P8IS2ULGQ7HSV34FJG8AFBKF,A2HM35CWB7IIFM,US,Submitted,2021-05-11 01:49:28+09:00,0:03:27,31T4R4OBOUVP06BTCY2PBUKCJEI7CK,"['bird', 'cat']","['tree', 'leaves', 'goldfish', 'aquarium', 'dessert', 'coral', 'jellyfish', 'fruit', 'dress', 'seaweed']",['bicycle'],"['scooter', 'motorcycle', 'moped', 'treadmill', 'gas', 'golf', 'bagpipe', 'cyclist', 'bicycle', 'horse']",['giraffe'],0.18
2021-05-08 02:10:11+09:00,2021-05-08 02:08:26+09:00,32FESTC2NI5OBXPWZ4QYX2365OYCU1,351SEKWQS2WIQ1OUG0ZPEIZK00PMD5,ACXP8KHFX06KR,US,Submitted,2021-05-11 02:10:11+09:00,0:01:45,3LRKMWOKB7WVMYPXY052Q14PHGJZ2W,"['wolf', 'dog', 'rabbit', 'bunny', 'water', 'lake', 'bear', 'bears', 'fox', 'wolves']","['fox', 'fire', 'volcano', 'bonfire', 'firepit', 'yard', 'pizza']","['bike', 'bicycle']","['park', 'snow', 'tree', 'tree', 'fox', 'tige', 'tiger', 'yes', 'no', 'maybe']",['giraffe'],0.18
2021-05-08 02:25:36+09:00,2021-05-08 02:21:40+09:00,32FESTC2NI5OBXPWZ4QYX2365OYCU1,3A4TN5196MXMTVH5P7O12796YEGCHO,ANUA9X7BFPTR8,US,Submitted,2021-05-11 02:25:36+09:00,0:03:56,3X0H8UUIT33KX21QHS01IFNBY8AWS2,"['wall', 'rock', 'climber', 'ocean', 'boat', 'cat']","['snake', 'pizza']","['boat', 'bycicle', 'bicycle']","['moon', 'dirt', 'road', 'path', 'sand', 'car', 'horse']",['giraffe'],0.18
2021-05-08 02:31:21+09:00,2021-05-08 02:30:15+09:00,32FESTC2NI5OBXPWZ4QYX2365OYCU1,351SEKWQS2WIQ1OUG0ZPEIZK00SMD8,A3PQVDFT21IISU,US,Submitted,2021-05-11 02:31:21+09:00,0:01:06,3FTOP5WARH3YQ9HF1RY2JJNK1KK0JQ,"['snow', 'mountain', 'table', 'cat']",['pizza'],"['track', 'bike', 'bicycle']","['man', 'woman', 'horse']",['giraffe'],0.18
2021-05-08 02:58:41+09:00,2021-05-08 02:54:26+09:00,32FESTC2NI5OBXPWZ4QYX2365OYCU1,3E47SOBEYSBMPQSPVP6M2JALYR0CIM,A11F3MA5FWH6SJ,US,Submitted,2021-05-11 02:58:41+09:00,0:04:15,3GNCZX450K2QDXIVO60F5LL9J51APQ,"['pavement', 'rock', 'wall', 'brick', 'cat']","['chicken', 'hen', 'bird', 'pizza']","['frisbee', 'ball', 'bicycle']","['trash can', 'car door', 'vase', 'table', 'wires', 'horse']",['giraffe'],0.18
2021-05-08 03:15:02+09:00,2021-05-08 03:13:18+09:00,32FESTC2NI5OBXPWZ4QYX2365OYCU1,3PH3VY7DJNCHYEN4CKU9E8KEMKMWZE,A2HR7ZIX42FEPG,US,Submitted,2021-05-11 03:15:02+09:00,0:01:44,3VZLGYJEYNPWNESUMPQVGRYLUPKZX7,"['wolf', 'bird', 'cat']","['fish', 'chicken', 'pizza']","['frog', 'stair', 'bike', 'bicycle']","['rabbit', 'crocodile', 'dog', 'deer', 'squirrel', 'fox', 'wolf', 'dog', 'bull', 'horse']",['giraffe'],0.18
2021-05-08 03:37:47+09:00,2021-05-08 03:35:40+09:00,32FESTC2NI5OBXPWZ4QYX2365OYCU1,3OS46CRSLHE2VF3OK5S2V885A7QV6F,A2BEH9YQPHKP6A,US,Submitted,2021-05-11 03:37:47+09:00,0:02:07,3ZV9H2YQQFMGDLGBRDZ0A7FZ6SD3WJ,['cat'],"['flower', 'tiger', 'rug', 'pizzs', 'pizza']",['bicycle'],"['bag', 'horse']",['giraffe'],0.18
2021-05-08 04:34:29+09:00,2021-05-08 04:30:03+09:00,32FESTC2NI5OBXPWZ4QYX2365OYCU1,38BQUHLA9YF9UYFJ69D5PCBJ4EFMOL,AR17E7L7JAOBI,US,Submitted,2021-05-11 04:34:29+09:00,0:04:26,38JBBYETQQP7EHDO6RADY605DO34EO,"['hair', 'fur', 'gorilla', 'zebra', 'ear', 'cat']","['egg', 'pizza']","['water', 'bicycle']","['magazine', 'person', 'man', 'park', 'horse riding', 'motorcycle', 'equestrian', 'horse']","['dog', 'giraffe']",0.18
2021-05-08 04:35:33+09:00,2021-05-08 04:33:06+09:00,32FESTC2NI5OBXPWZ4QYX2365OYCU1,3WSELTNVR5HO5PB25N9ZAVM6957TAU,A7SXWHGK8B40R,US,Submitted,2021-05-11 04:35:33+09:00,0:02:27,333U7HK6IBUSPTI9D3MXYQ73V9RJD0,"['horse', 'goat', 'wolf', 'zebra', 'dog', 'bat', 'cat']","['soup', 'pizza']","['fish', 'bicycle']","['bat', 'dog', 'horse']",['giraffe'],0.18
2021-05-08 04:46:39+09:00,2021-05-08 04:44:36+09:00,32FESTC2NI5OBXPWZ4QYX2365OYCU1,379J5II41QV3CPK9CJ9UKN2G07LLEG,ANGMXN2A0XW8Q,US,Submitted,2021-05-11 04:46:39+09:00,0:02:03,3WAKVUDHUYVLM0STYPNP506IQEO7UT,"['avocado', 'cave', 'rock', 'cat']",['pizza'],"['bike', 'bicycle']","['tree', 'park', 'backpack', 'horse']",['giraffe'],0.18
2021-05-08 05:11:09+09:00,2021-05-08 05:08:15+09:00,32FESTC2NI5OBXPWZ4QYX2365OYCU1,3N1FSUEFL7F2MBZOAWZTSOIKE9T4DH,A35Z5I09VVHKNS,US,Submitted,2021-05-11 05:11:09+09:00,0:02:54,30X31N5D655NQPYNGN490QQK6P8AS6,"['person', 'animal', 'car', 'lamp', 'light', 'cup', 'clock', 'drum', 'pet', 'bird']","['food', 'potato', 'hash brown', 'breakfast', 'chicken', 'meal', 'pancake', 'steak', 'pizza']","['bike', 'bicycle']","['woods', 'trail', 'cliff', 'rock', 'water', 'waterfall', 'pond', 'tree', 'elephant', 'river']",['giraffe'],0.18
2021-05-08 05:23:39+09:00,2021-05-08 05:20:42+09:00,32FESTC2NI5OBXPWZ4QYX2365OYCU1,3STRJBFXOY6UH2KOHEMO49P2EH8TKG,A261NEZSEFSRQI,US,Submitted,2021-05-11 05:23:39+09:00,0:02:57,31N2WW6R9T5E2ZUG1OP06JTZBPNF3X,"['Animal', 'Car', 'Boat', 'Cup', 'Table', 'Person', 'Man', 'Chair', 'Dog', 'Cat']","['Pizza', 'Lasagna', 'Food', 'pizza']","['Door', 'Mailbox', 'Business', 'Porch', 'Bike', 'Garage', 'Bicycle', 'Home', 'Apartment', 'Sidewalk']",['horse'],['giraffe'],0.18
2021-05-08 05:36:55+09:00,2021-05-08 05:34:52+09:00,32FESTC2NI5OBXPWZ4QYX2365OYCU1,3L70J4KAZI1HO0F5JX9K5R4K6KSDA6,A3TDA1NWHNQFE3,US,Submitted,2021-05-11 05:36:55+09:00,0:02:03,3J2UYBXQQNRM2E28H84DAFIFFE006K,"['shirt', 'grass', 'shoe', 'window', 'plant', 'person', 'dog', 'cat']",['pizza'],"['bike', 'bicycle']","['car', 'motorcycle', 'bike', 'lamp', 'truck', 'jockey', 'horse']",['giraffe'],0.18
2021-05-08 06:13:56+09:00,2021-05-08 06:09:13+09:00,32FESTC2NI5OBXPWZ4QYX2365OYCU1,3RKNTXVS3OD4O4WCQM8R2NAET73A4U,A25EQMXHONYSA5,US,Submitted,2021-05-11 06:13:56+09:00,0:04:43,3GNCZX450K2QDXIVO60F5LL9J51APQ,"['face', 'dog', 'cat']",['pizza'],"['bike', 'bicycle']","['cake', 'plant', 'turtle', 'crub', 'dog', 'horse']","['turtle', 'fish', 'ziraffe', 'Giraffe', 'snake', 'horse', 'panda', 'a', 'dog', 'e']",0.18
2021-05-08 06:51:04+09:00,2021-05-08 06:48:35+09:00,32FESTC2NI5OBXPWZ4QYX2365OYCU1,3NKQQ8O390K139T3P2QB5SGEDNRUD6,A16TO0535NAM2,US,Submitted,2021-05-11 06:51:04+09:00,0:02:29,336YQZE83XTNMO911UH6G6BSMMP5MJ,"['boat', 'dinosaur', 'mountain', 'fish', 'food', 'shark', 'sting ray', 'dolphin', 'elephant', 'mole']",['pizza'],"['house', 'bicycle']","['snake', 'butterfly', 'foutain', 'horse']","['gorilla', 'tree', 'giraffe']",0.18
2021-05-08 07:14:26+09:00,2021-05-08 07:12:28+09:00,32FESTC2NI5OBXPWZ4QYX2365OYCU1,379J5II41QV3CPK9CJ9UKN2G082LEZ,A3MPQ78J05KKUI,US,Submitted,2021-05-11 07:14:26+09:00,0:01:58,339ANSOTR7H48O4DN2NKQ2NT230KI3,"['golf', 'weed eater', 'sprinkler', 'plant', 'window', 'house', 'wall', 'carpet', 'dog', 'cat']","['basketball', 'food', 'chicken', 'pizza']","['horse', 'bike', 'bicycle']","['bike', 'race', 'motorcycle', 'horseback rider', 'horse race', 'horse']",['giraffe'],0.18
2021-05-08 09:05:26+09:00,2021-05-08 09:03:07+09:00,32FESTC2NI5OBXPWZ4QYX2365OYCU1,3NG53N1RLXYCU9PGR8G19UFEUFE8PU,A45HNDMV9V0NA,US,Submitted,2021-05-11 09:05:26+09:00,0:02:19,32Q90QCQ1U0SSJ2RRJXT5NP1AATKEU,"['fish', 'sardines', 'can', 'horse', 'dog', 'cat']",['pizza'],['bicycle'],['horse'],"['Giraffe ', 'giraffe']",0.18
2021-05-08 09:10:34+09:00,2021-05-08 09:06:03+09:00,32FESTC2NI5OBXPWZ4QYX2365OYCU1,3Z9WI9EOZ134CTTTHK5ZQQME3OYHKH,A2O7LNRIBPIHAF,US,Submitted,2021-05-11 09:10:34+09:00,0:04:31,3TPZPLC3M2RQTCJAFRL5ID73DV8P38,"['flower', 'dog', 'dog', 'dogs', 'dog and cat', 'dog andhorse', 'cat']","['pumpkin', 'pie', 'cookie', 'pizza']","['painting', 'steps', 'bike', 'stairs', 'bicycle']","['person', 'boy', 'jockey', 'horse']",['giraffe'],0.18
2021-05-08 09:22:59+09:00,2021-05-08 09:20:21+09:00,32FESTC2NI5OBXPWZ4QYX2365OYCU1,3YDTZAI2WZV8UGJCU3FYRMHBPDD14D,A1O57XVTTB1PNZ,US,Submitted,2021-05-11 09:22:59+09:00,0:02:38,3LRKMWOKB7WVMYPXY052Q14PHGJZ2W,"['mountain', 'fish', 'crocodile', 'elephant', 'rhinoceros', 'bear', 'deer', 'cat']",['pizza'],"['socket', 'mobile', 'gate', 'window', 'shutter', 'blinds', 'door', 'bicycle']","['seal', 'duck', 'cow', 'horse']","['loaf of bread', 'giraffe']",0.18
2021-05-08 09:23:44+09:00,2021-05-08 09:21:06+09:00,32FESTC2NI5OBXPWZ4QYX2365OYCU1,3KB8R4ZV1GMPJUUOR1AO6NRN1UDGBY,ANHO7XT3KW3IY,US,Submitted,2021-05-11 09:23:44+09:00,0:02:38,3IXQG4FA2VDA4K7GDV4EE650WJ5B9S,"['car', 'mountain', 'tree', 'bunny', 'cat']","['fire', 'egg', 'cat', 'chicken', 'omlet', 'sun', 'pizza']","['car', 'bike', 'bicycle']","['motorcycle', 'horse']","['spider', 'field', 'maze', 'giraffe']",0.18
2021-05-08 09:24:38+09:00,2021-05-08 09:22:34+09:00,32FESTC2NI5OBXPWZ4QYX2365OYCU1,33FBRBDW6QET0KGCM3UVPUG7VW0C8L,A2RBG0G82ULSZC,US,Submitted,2021-05-11 09:24:38+09:00,0:02:04,3N4BPTXIOA79HFZDHJCY95B4WYMUKK,"['moon', 'lion', 'squirrel', 'mouse', 'cat']","['chicken', 'flower', 'pizza']","['car', 'bicycle']","['parrot', 'horse']",['giraffe'],0.18
2021-05-08 10:07:48+09:00,2021-05-08 10:05:06+09:00,32FESTC2NI5OBXPWZ4QYX2365OYCU1,31HQ4X3T3UP4M8PRDETZ946V1ZNLSC,A1HSRWOEK6ZJPR,US,Submitted,2021-05-11 10:07:48+09:00,0:02:42,3R5F3LQFV4Z9T5E2LY3ZXE7SILBZOY,"['shape', 'tree', 'flower', 'coffee', 'painting', 'dog', 'horse', 'animal', 'plant', 'tree branch']","['fire', 'sun', 'dirt', 'pasta', 'pizza']","['bike', 'street lamp', 'city street', 'sidewalk', 'bike and lamp', 'side of a building', 'city sidewalk', 'colorful wall', 'neighborhood', 'brick wall']","['dog', 'cat', 'tree', 'squirrel', 'water', 'sidewalk', 'hair', 'horse']",['giraffe'],0.18
2021-05-08 10:24:20+09:00,2021-05-08 10:21:42+09:00,32FESTC2NI5OBXPWZ4QYX2365OYCU1,3BF51CHDTXP2Z3MPDRVH7675PQX0HZ,A1HWMTN7NNV4UA,US,Submitted,2021-05-11 10:24:20+09:00,0:02:38,3KOPY89HMAHU71GCKEGLLHLR4W3J33,"['Dog', 'hand', 'dog', 'walking', 'running', 'dog walking', 'plants', 'green', 'park', 'neighborhood']","['Orange', 'pizza']","['Red', 'bicycle']","['Green', 'cookie', 'balloon', 'carrot', 'horse']","['Grass', 'giraffe']",0.18
2021-05-08 10:35:38+09:00,2021-05-08 10:33:08+09:00,32FESTC2NI5OBXPWZ4QYX2365OYCU1,3NGI5ARFTVKUJ95VSN7MUKS6G9DP1W,A2LEBJWW395FST,US,Submitted,2021-05-11 10:35:38+09:00,0:02:30,35H6S234SCFLXLO9EEAPRAE6WMG56F,"['dog', 'cat']",['pizza'],"['table', 'no clue', 'elephant', 'bike', 'bicycle']","['bike', 'motorcycle', 'horse']",['giraffe'],0.18
2021-05-08 10:49:31+09:00,2021-05-08 10:46:08+09:00,32FESTC2NI5OBXPWZ4QYX2365OYCU1,3S0TNUHWKVX35CMQMZP690YPGWH8DM,AK1GE19RT3PK6,US,Submitted,2021-05-11 10:49:31+09:00,0:03:23,3A1COHJ8NLAKHSRS8V8W0LDN7QU8HI,"['frog', 'gecko', 'tree', 'dirt', 'sand', 'mountain', 'bird', 'mouse', 'bat', 'cat']","['cookie', 'sand', 'chhese', 'cheese', 'pizza']","['bike', 'bicycle']","['trees', 'dirt', 'shoes', 'person', 'waterfall', 'river', 'stream', 'cliff', 'water', 'brook']",['giraffe'],0.18
2021-05-08 10:54:15+09:00,2021-05-08 10:51:49+09:00,32FESTC2NI5OBXPWZ4QYX2365OYCU1,3180JW2OT6RXLG3GYX4E0EJBJQDJ59,A84KYYIRZ3K00,US,Submitted,2021-05-11 10:54:15+09:00,0:02:26,3L0KT67Y8GVOM7WQWTIP3C8R9GCSYZ,"['horse', 'owl', 'wolf', 'butterfly', 'rat', 'cat']","['soup', 'pizza']","['wall', 'bike', 'building', 'street', 'bicycle']","['bug', 'beetle', 'horse']","['deer', 'giraffe']",0.18
2021-05-08 10:57:48+09:00,2021-05-08 10:54:33+09:00,32FESTC2NI5OBXPWZ4QYX2365OYCU1,3OUYGIZWR9DUCKKDW43MGF9WBH8P0U,A21EZISIJ3JPSW,US,Submitted,2021-05-11 10:57:48+09:00,0:03:15,3LRKMWOKB7WVMYPXY052Q14PHGJZ2W,"['rock', 'snake', 'turtle', 'lizzard', 'cat']","['egg', 'dirt', 'cow', 'tiger', 'dog', 'turkey', 'grass', 'snack', 'pickle', 'pizza']","['picture', 'window', 'door', 'shutter', 'door', 'house', 'home', 'bike', 'apartment', 'store']","['cow', 'rock', 'snack', 'horse']","['giraff', 'giraffe']",0.18
2021-05-08 11:48:07+09:00,2021-05-08 11:46:07+09:00,3OB6JN3A9R494R968ZP7VNLYS4EMR7,31T4R4OBOUVP06BTCY2PBUKCKC47C3,AXMPSUNKUBEIL,US,Submitted,2021-05-11 11:48:07+09:00,0:02:00,36AHBNMV1TRIKID8Z3N08DMR8BODY8,"['frog', 'car', 'cat']","['chicken', 'egg', 'plate', 'omelet', 'pizza']",['bicycle'],"['man', 'person', 'rail', 'lake', 'river', 'race', 'horse']","['glove', 'flower', 'giraffe']",0.36
2021-05-08 11:51:39+09:00,2021-05-08 11:49:06+09:00,3OB6JN3A9R494R968ZP7VNLYS4EMR7,3YDGXNSEO19Q5G3XTOOD6W4J3JT84E,A7SXWHGK8B40R,US,Submitted,2021-05-11 11:51:39+09:00,0:02:33,3OUYGIZWR9DUCKKDW43MGF9WAJOP0D,['cat'],['pizza'],['bicycle'],['horse'],['giraffe'],0.36
2021-05-08 11:54:25+09:00,2021-05-08 11:52:28+09:00,3OB6JN3A9R494R968ZP7VNLYS4EMR7,3U8YCDAGXRVFCWLSWHIBGKZ6GD0Q0S,A1ZDR2UN7M92LI,US,Submitted,2021-05-11 11:54:25+09:00,0:01:57,3IXQG4FA2VDA4K7GDV4EE650WJ5B9S,"['man', 'dog', 'player', 'cat']","['rooster', 'egg', 'scooter', 'tomato', 'car', 'beach', 'snake', 'pasta', 'soup', 'rice']","['flannel', 'closet', 'bicycle']","['frog', 'basket', 'player', 'horse']",['giraffe'],0.36
2021-05-08 11:56:18+09:00,2021-05-08 11:52:48+09:00,3OB6JN3A9R494R968ZP7VNLYS4EMR7,3K5TEWLKGXQIOZYPM61RSBYAJZWVIM,A3BSK47WPPE876,US,Submitted,2021-05-11 11:56:18+09:00,0:03:30,3OUYGIZWR9DUCKKDW43MGF9WAJOP0D,"['horse', 'cow', 'wolf', 'goat', 'camel', 'bear', 'fox', 'otter', 'donkey', 'cat']","['fire', 'fox', 'universe', 'clam', 'bonfire', 'pizza']","['feather', 'bicycle']","['trees', 'horses', 'horse']",['giraffe'],0.36
2021-05-08 11:56:40+09:00,2021-05-08 11:56:05+09:00,3OB6JN3A9R494R968ZP7VNLYS4EMR7,3R2UR8A0ICVKOAENKGFE0TRHBJ4OXE,A34CPKFZXBX1PO,US,Submitted,2021-05-11 11:56:40+09:00,0:00:35,3GNCZX450K2QDXIVO60F5LL9J51APQ,['cat'],['pizza'],['bicycle'],"['elephant', 'dog', 'car', 'cat', 'horse']",['giraffe'],0.36
2021-05-08 11:57:23+09:00,2021-05-08 11:55:20+09:00,3OB6JN3A9R494R968ZP7VNLYS4EMR7,3IUZPWIU1QMM9JOICJRZRTW1ICOKWX,A2GXLM74C7BDI8,US,Submitted,2021-05-11 11:57:23+09:00,0:02:03,3VZLGYJEYNPWNESUMPQVGRYLUPKZX7,"['tree', 'hill', 'athlete', 'cat']","['pancake', 'porkchop', 'egg', 'pizza']","['locker', 'door', 'washing machine', 'bike', 'bicycle']","['bench', 'dog', 'horse']",['giraffe'],0.36
2021-05-08 11:57:35+09:00,2021-05-08 11:53:39+09:00,3OB6JN3A9R494R968ZP7VNLYS4EMR7,3BF51CHDTXP2Z3MPDRVH7675PQ40H6,A1GRLZL4F72RBJ,US,Submitted,2021-05-11 11:57:35+09:00,0:03:56,3C44YUNSI34OB4L78GRHVMTF46KPDP,"['Gass', 'Mountain', 'mountain', 'Snow', 'Ski Lodge', 'Lodge', 'Skiing', 'IDK', 'IDK', 'IDK']","['Egg', 'Pizza', 'Pizza', 'IDK', 'IDK', 'IDK', 'IDK', 'IDK', 'IDK', 'IDK']","['Building', 'Bicycle', 'Bike', 'Bicycle', 'IDK', 'IDK', 'Tandom', 'Library', 'Parking', 'Store']","['Park', 'Grass', 'Picnic', 'IDK', 'IDK', 'Horses', 'Kentucky Derby', 'Horse Race', 'Equestrian', 'IDK']","['IDK', 'IDK', 'Giraffe', 'giraffe']",0.36
2021-05-08 11:58:10+09:00,2021-05-08 11:54:49+09:00,3OB6JN3A9R494R968ZP7VNLYS4EMR7,36TFCYNS46PAWTS0G3KOGKUGZXQHXJ,A7HQZM8XB0QKX,US,Submitted,2021-05-11 11:58:10+09:00,0:03:21,3LRKMWOKB7WVMYPXY052Q14PHGJZ2W,"['car', 'mirror', 'wolf', 'fox', 'dog', 'cat']","['Dog', 'Food', 'pizza']","['ocean', 'bicycle']","['motorcycle', 'person', 'runner', 'racer', 'bicyclist', 'marathon', 'race', 'horse']",['giraffe'],0.36
2021-05-08 11:59:14+09:00,2021-05-08 11:58:42+09:00,3OB6JN3A9R494R968ZP7VNLYS4EMR7,33PPO7FECXUWUIY3VL1XMPS3JSUIDC,A25EVN04BC2KJ6,US,Submitted,2021-05-11 11:59:14+09:00,0:00:32,333U7HK6IBUSPTI9D3MXYQ73V9RJD0,['cat'],['pizza'],['bicycle'],['horse'],['giraffe'],0.36
2021-05-08 11:59:17+09:00,2021-05-08 11:58:25+09:00,3OB6JN3A9R494R968ZP7VNLYS4EMR7,3JPSL1DZ5UEQAC6I8RNN1WGEKORNAV,ASNMT3I94HZ44,US,Submitted,2021-05-11 11:59:17+09:00,0:00:52,3HRMW88U185ORHN04OBUZBF15EE0MT,['cat'],['pizza'],"['building', 'apartment', 'house', 'school', 'bicycle']","['cow', 'horse']","['dog', 'giraffe']",0.36
2021-05-08 11:59:28+09:00,2021-05-08 11:58:09+09:00,3OB6JN3A9R494R968ZP7VNLYS4EMR7,3KMS4QQVK45KYX2NMUHZN5A1N9ZFKV,A2PWE9TKEM99BA,US,Submitted,2021-05-11 11:59:28+09:00,0:01:19,3BXQMRHWK1D473ZG2VPEOI38L3IUMQ,"['hair', 'dog', 'person', 'human', 'cat']","['egg', 'chicken', 'pizza']","['bike', 'bicycle']","['guita', 'horse']","['carpet', 'giraffe']",0.36
2021-05-08 11:59:38+09:00,2021-05-08 11:55:26+09:00,385MDVINFDUOBFK74WML2U1YGPYJW3,3H7XDTSHKE6H7XSZMS6KT148BV5WG4,A8ZUM922CBH6S,US,Submitted,2021-05-11 11:59:38+09:00,0:04:12,3N4BPTXIOA79HFZDHJCY95B4WYMUKK,"['bird', 'human', 'girl', 'hair', 'cat']","['fish', 'cat', 'leaf', 'lion', 'dog', 'giraffe', 'plant', 'bread', 'food', 'pizza']","['wall', 'books', 'office', 'plaques', 'decorations', 'room', 'bike', 'garage', 'home', 'store']","['park', 'knight', 'cemetary', 'horse']",['giraffe'],0.36
2021-05-08 12:01:03+09:00,2021-05-08 11:57:16+09:00,3OB6JN3A9R494R968ZP7VNLYS4EMR7,3PH3VY7DJNCHYEN4CKU9E8KEML1WZV,A1TPGXT718D68E,US,Submitted,2021-05-11 12:01:03+09:00,0:03:47,3XCC1ODXDNQ3CQ5RQU1Q0G0TO5ARQ5,"['coffee', 'horse', 'cow', 'blanket', 'camel', 'coat', 'rabbit3', 'bunny', 'dog', 'cat']","['coffee', 'cat', 'cake', 'pasta', 'pizza']","['bike', 'bicycle']",['horse'],"['deer', 'park', 'giraffe']",0.36
2021-05-08 12:01:33+09:00,2021-05-08 12:00:45+09:00,3OB6JN3A9R494R968ZP7VNLYS4EMR7,30LB5CDZNEPOQOMJJD1O7DBALGNZ0X,A3MPQ78J05KKUI,US,Submitted,2021-05-11 12:01:33+09:00,0:00:48,3Q5ZZ9ZEVQU81Z7X7T7NBOAX2H085Y,"['bicycle', 'cart', 'rug', 'door', 'cat']",['pizza'],['bicycle'],['horse'],['giraffe'],0.36
2021-05-08 12:02:08+09:00,2021-05-08 12:00:25+09:00,3OB6JN3A9R494R968ZP7VNLYS4EMR7,3K772S5NPAQ1QT1JLYUWSV99JRGHEB,A3UWHJTAUTF6TO,US,Submitted,2021-05-11 12:02:08+09:00,0:01:43,3IXQG4FA2VDA4K7GDV4EE650WJ5B9S,"['elephant', 'dog', 'animal', 'cat']","['apple', 'orange', 'pizza']","['flag', 'computer', 'house', 'building', 'church', 'window', 'school', 'door', 'street', 'wall']","['bird', 'horse']",['giraffe'],0.36
2021-05-08 12:02:31+09:00,2021-05-08 12:01:03+09:00,3OB6JN3A9R494R968ZP7VNLYS4EMR7,3YWRV122CUEPMEXC8UFVJ02D2WKU8Q,ASJC3FUNX995V,US,Submitted,2021-05-11 12:02:31+09:00,0:01:28,3VZLGYJEYNPWNESUMPQVGRYLUPKZX7,"['dog', 'dirt', 'cat']","['pancakes', 'pizza']","['bike', 'sidewalk', 'bicycle']","['park', 'bench', 'mountaian', 'horse']","['flamingo', 'giraffe']",0.36
2021-05-08 12:03:30+09:00,2021-05-08 11:59:27+09:00,3OB6JN3A9R494R968ZP7VNLYS4EMR7,3OHYZ19UGEK8SX6U96N0GLGJAYWOAB,A39FJ8DCK0T28,US,Submitted,2021-05-11 12:03:30+09:00,0:04:03,3S06PH7KSTJLUC25NEGRUQBH1SSD1R,"['wall', 'dog', 'puppy', 'dog', 'dog', 'leash', 'plant', 'flower', 'green', 'bush']","['meat', 'chicken', 'food', 'sauce', 'pizza']","['brick', 'door', 'bicycle']","['grass', 'bike', 'mud', 'donkey', 'carmel', 'horse']","['grass', 'giraffe']",0.36
2021-05-08 12:03:33+09:00,2021-05-08 12:02:53+09:00,3OB6JN3A9R494R968ZP7VNLYS4EMR7,3FE7TXL1LK2M86O6B4MPZ8SLDBN2QR,A1S8KMGKJACGVO,US,Submitted,2021-05-11 12:03:33+09:00,0:00:40,31N2WW6R9T5E2ZUG1OP06JTZBPNF3X,"['elephant', 'wolf', 'cat']",['pizza'],"['office', 'bike', 'bicycle']",['horse'],['giraffe'],0.36
2021-05-08 12:04:22+09:00,2021-05-08 12:00:50+09:00,3OB6JN3A9R494R968ZP7VNLYS4EMR7,3LRKMWOKB7WVMYPXY052Q14PIE7Z2H,A2WO6SGQGS5SEM,US,Submitted,2021-05-11 12:04:22+09:00,0:03:32,33SA9F9TRZ9JNJW8GXGWTYJWXH1WE1,"['wine', 'butterfly', 'bird', 'penguin', 'duck', 'goose', 'loon', 'cat']","['fire', 'leaves', 'tree', 'trash', 'pizza']","['roller coaster', 'bike', 'bicycle']","['car', 'airplane', 'helmet', 'camera', 'motorcycle', 'horse']","['bear', 'mushroom', 'giraffe']",0.36
2021-05-08 12:08:36+09:00,2021-05-08 12:08:01+09:00,3OB6JN3A9R494R968ZP7VNLYS4EMR7,32RIADZISUJ8O0I67MUINN4KFD4S42,A45HNDMV9V0NA,US,Submitted,2021-05-11 12:08:36+09:00,0:00:35,3SEPORI8WPEKR1K1BFYHWJNNT47ZAZ,['cat'],['pizza'],['bicycle'],['horse'],['giraffe'],0.36
2021-05-08 12:19:59+09:00,2021-05-08 12:16:25+09:00,3OB6JN3A9R494R968ZP7VNLYS4EMR7,34Q075JO1ZSRVS1BB2SWFJRY82D10F,A38GSW5JQW6NVB,US,Submitted,2021-05-11 12:19:59+09:00,0:03:34,3GNCZX450K2QDXIVO60F5LL9J51APQ,"['car', 'tire', 'water', 'tub', 'waterfall', 'shower', 'pool', 'cat']","['Flower', 'Pizza', 'pizza']","['plate', 'bike', 'bicycle']","['dog', 'rabbit', 'hammer', 'horse']","['otter', 'giraffe']",0.36
2021-05-08 12:44:57+09:00,2021-05-08 12:40:50+09:00,3OB6JN3A9R494R968ZP7VNLYS4EMR7,3S96KQ6I9OJM3WEEPX010WUCUAHDTX,A3I8MXQRV03UZP,US,Submitted,2021-05-11 12:44:57+09:00,0:04:07,3ATTHHXXWC3ASO3KML29GWVVYCEXI4,"['animal', 'cat']","['dog', 'cat', 'pizza']","['wall', 'paint', 'cleaning', 'bike', 'ebike', 'post', 'motorbike', 'bike', 'blue bike', 'pedal']","['man', 'animal', 'teacher', 'clothes', 'bird', 'chicken', 'horse']","['girl', 'girrafe', 'animal', 'tiger', 'cow', 'snake', 'scarf', 'giraffe']",0.36
